{"name":"Payment","version":"DRAFT","description":"This banking bot will be used to handle payment-related tasks such as making a payment, reading payment history, adding or managing external accounts, and scheduling or canceling payments. The bot is designed to recognize customer intents even when utterances include informal or gibberish prefixes (e.g., “Oh god I want to make a payment”), by intelligently focusing on the core intent.","identifier":"D47NVQTR0B","errorLogSettings":{"enabled":true},"dataPrivacy":{"childDirected":false},"idleSessionTTLInSeconds":300}