{"name":"MakeAPayment","identifier":"3DXMV3G9XW","description":"This intent is triggered when a customer expresses the desire to make a payment (e.g., “I want to make a payment”). It captures all necessary information required to process a payment request, including: \n\nAmount to be paid, Date of payment, Type of payment amount (e.g., Minimum Due, Past Due, Full Balance), Verbal signature or authorization, Payment confirmation.\n\nThe intent is designed to guide users through the payment process in a natural, conversational manner, while validating required details and ensuring compliance with authorization protocols.","parentIntentSignature":null,"sampleUtterances":[{"utterance":"Let me pay the {AmountType}"},{"utterance":"I’d like to pay the {AmountType}"},{"utterance":"Can I pay the {AmountType}"},{"utterance":"Please pay the {AmountType}"},{"utterance":"I want to pay the {AmountType}"},{"utterance":"Just pay the {AmountType}"},{"utterance":"Ugh, let’s go with the {AmountType}"},{"utterance":"I think the {AmountType} is fine"},{"utterance":"Can you make a payment for the {AmountType}"},{"utterance":"I guess I’ll pay the {AmountType}"},{"utterance":"I need to take care of the {AmountType}"},{"utterance":"The {AmountType} should be okay"},{"utterance":"Ugh, just pay the {AmountType}"},{"utterance":"Fine, pay the {AmountType}"},{"utterance":"Let me pay on {DateType}"},{"utterance":"I’d like to make the payment on {DateType}"},{"utterance":"Can I schedule it for {DateType}"},{"utterance":"Please make the payment on {DateType}"},{"utterance":"I want to pay on {DateType}"},{"utterance":"Ugh, schedule it for {DateType}"},{"utterance":"Oh god, let’s do {DateType}"},{"utterance":"Pay on {DateType}"},{"utterance":"I guess {DateType} is fine"},{"utterance":"Make the payment {DateType}"},{"utterance":"I’ll pay {DateType}"},{"utterance":"Do it {DateType}"},{"utterance":"Set it up for {DateType}"},{"utterance":"Schedule the payment on {DateType}"},{"utterance":"I want to pay {CurrencyAmount}"},{"utterance":"Let me pay {CurrencyAmount}"},{"utterance":"I'd like to pay {CurrencyAmount}"},{"utterance":"Please make a payment of {CurrencyAmount}"},{"utterance":"Ugh, let’s just pay {CurrencyAmount}"},{"utterance":"Can I pay {CurrencyAmount}"},{"utterance":"I need to pay {CurrencyAmount}"},{"utterance":"Schedule a payment of {CurrencyAmount}"},{"utterance":"I'd prefer to pay {CurrencyAmount}"},{"utterance":"Make the payment for {CurrencyAmount}"},{"utterance":"The amount should be {CurrencyAmount}"}],"intentConfirmationSetting":null,"intentClosingSetting":{"isActive":false,"nextStep":{"sessionAttributes":null,"intent":{"name":null,"slots":null},"dialogAction":{"type":"EndConversation","slotToElicit":null,"suppressNextMessage":null,"intentsInScope":null}},"closingResponse":null},"initialResponseSetting":{"conditional":null,"codeHook":{"isActive":true,"enableCodeHookInvocation":true,"invocationLabel":null,"postCodeHookSpecification":{"failureResponse":null,"failureNextStep":{"sessionAttributes":null,"intent":{"name":null,"slots":null},"dialogAction":{"type":"EndConversation","slotToElicit":null,"suppressNextMessage":null,"intentsInScope":null}},"failureConditional":null,"successResponse":null,"successNextStep":{"sessionAttributes":null,"intent":{"name":null,"slots":null},"dialogAction":{"type":"ElicitSlot","slotToElicit":"AmountType","suppressNextMessage":null,"intentsInScope":null}},"successConditional":null,"timeoutResponse":null,"timeoutNextStep":{"sessionAttributes":null,"intent":{"name":null,"slots":null},"dialogAction":{"type":"EndConversation","slotToElicit":null,"suppressNextMessage":null,"intentsInScope":null}},"timeoutConditional":null}},"nextStep":{"sessionAttributes":null,"intent":{"name":null,"slots":null},"dialogAction":{"type":"InvokeDialogCodeHook","slotToElicit":null,"suppressNextMessage":null,"intentsInScope":null}},"initialResponse":null},"inputContexts":null,"outputContexts":null,"kendraConfiguration":null,"qnAIntentConfiguration":null,"bedrockAgentIntentConfiguration":null,"qInConnectIntentConfiguration":null,"dialogCodeHook":null,"fulfillmentCodeHook":{"isActive":false,"postFulfillmentStatusSpecification":null,"fulfillmentUpdatesSpecification":null,"enabled":false},"slotPriorities":[{"priority":3,"slotName":"DateType"},{"priority":2,"slotName":"CurrencyAmount"},{"priority":4,"slotName":"DTMFInput"},{"priority":5,"slotName":"Confirmation"},{"priority":1,"slotName":"AmountType"}]}