{"name":"AmountType","identifier":"CVYUUNHNTW","description":"This custom slot type is used to capture the type of payment amount a customer wants to make. It includes predefined values such as Minimum Due, Remaining Minimum Due, Past Due, and similar terms commonly used in billing contexts.\n\nThe slot is designed to recognize these values even when customer utterances include gibberish or emotional prefixes (e.g., “Oh man, I want to pay the minimum due”), by focusing on the core phrase that matches a valid slot type value. This helps ensure accurate intent fulfillment while supporting natural, conversational input.","slotTypeValues":[{"synonyms":[{"value":"Current Amount"},{"value":"Current Balance"},{"value":"Current Due"},{"value":"Current Balance Amount"}],"sampleValue":{"value":"CurrentBalance"}},{"synonyms":[{"value":"Minimum due"},{"value":"Minimum"},{"value":"Min Due"},{"value":"Minimum Payment"},{"value":"Minimum Balance"}],"sampleValue":{"value":"MinimumDue"}},{"synonyms":[{"value":"Remaining Current Balance"}],"sampleValue":{"value":"RemainingCurrentBalance"}},{"synonyms":[{"value":"Remining Minimum Due"}],"sampleValue":{"value":"RemainingMinimumDue"}},{"synonyms":[{"value":"Remaining Last  Statement Balance"}],"sampleValue":{"value":"RemainingLastStatementBalance"}},{"synonyms":[{"value":"Last Statement Balance"}],"sampleValue":{"value":"LastStatementBalance"}},{"synonyms":[{"value":"Past Due"}],"sampleValue":{"value":"PastDue"}},{"synonyms":[{"value":"Remaining Past Due"}],"sampleValue":{"value":"RemainingPastDue"}},{"synonyms":[{"value":"Furthest  Past Due"}],"sampleValue":{"value":"FurthestPastDue"}},{"synonyms":[{"value":"Remaining Furthest Past Due"}],"sampleValue":{"value":"RemainingFurthestPastDue"}},{"synonyms":[{"value":"Different Amount"}],"sampleValue":{"value":"DifferntAmount"}}],"parentSlotTypeSignature":null,"valueSelectionSetting":{"resolutionStrategy":"TOP_RESOLUTION","advancedRecognitionSetting":null,"regexFilter":null}}